{"cameraMode":{"drawMode":0,"name":"Shaded","section":"Shading Mode"},"sceneLighting":false,"audioPlay":false,"sceneViewState":{"showFog":true,"showMaterialUpdate":false,"showSkybox":false,"showFlares":true,"showImageEffects":true,"showParticleSystems":true},"in2DMode":false,"pivot":{"x":0.08028145879507065,"y":4.4679999351501469,"z":-1.7389999628067017},"rotation":{"x":0.16192984580993653,"y":-0.0547388531267643,"z":0.008995304815471173,"w":0.9852502346038818},"size":9.962316513061524,"orthographic":false}