{"cameraMode":{"drawMode":0,"name":"Shaded","section":"Shading Mode"},"sceneLighting":true,"audioPlay":false,"sceneViewState":{"showFog":true,"showMaterialUpdate":false,"showSkybox":true,"showFlares":true,"showImageEffects":true,"showParticleSystems":true},"in2DMode":false,"pivot":{"x":0.019999980926513673,"y":-0.06997991353273392,"z":-3.0},"rotation":{"x":0.23933722078800202,"y":-0.16650421917438508,"z":0.04170000180602074,"w":0.9556456208229065},"size":8.237957000732422,"orthographic":false}