{"cameraMode":{"drawMode":0,"name":"Shaded","section":"Shading Mode"},"sceneLighting":true,"audioPlay":false,"sceneViewState":{"showFog":true,"showMaterialUpdate":false,"showSkybox":true,"showFlares":true,"showImageEffects":true,"showParticleSystems":true},"in2DMode":false,"pivot":{"x":-0.0006008148193359375,"y":4.900382995605469,"z":-0.6999995708465576},"rotation":{"x":0.05756809189915657,"y":0.2463594377040863,"z":-0.01449274830520153,"w":0.967398464679718},"size":3.410161018371582,"orthographic":false}